{
	"start":	{
		"connected":	[{
				"socket":	5,
				"local_host":	"127.0.0.1",
				"local_port":	58262,
				"remote_host":	"127.0.0.1",
				"remote_port":	5201
			}],
		"version":	"iperf 3.9",
		"system_info":	"Linux x5g-ran-01 5.15.0-107-lowlatency #117-Ubuntu SMP PREEMPT Tue Apr 30 10:12:40 UTC 2024 x86_64",
		"timestamp":	{
			"time":	"Thu, 27 Jun 2024 22:32:25 GMT",
			"timesecs":	1719527545
		},
		"connecting_to":	{
			"host":	"127.0.0.1",
			"port":	5201
		},
		"cookie":	"dnffyi22fl7woqc6zi6unfwvwr4dh7vcxbp6",
		"tcp_mss_default":	32768,
		"sock_bufsize":	0,
		"sndbuf_actual":	16384,
		"rcvbuf_actual":	131072,
		"test_start":	{
			"protocol":	"TCP",
			"num_streams":	1,
			"blksize":	131072,
			"omit":	0,
			"duration":	1,
			"bytes":	0,
			"blocks":	0,
			"reverse":	0,
			"tos":	0
		}
	},
	"intervals":	[{
			"streams":	[{
					"socket":	5,
					"start":	0,
					"end":	0.100023,
					"seconds":	0.10002300143241882,
					"bytes":	703856640,
					"bits_per_second":	56295582409.657257,
					"retransmits":	0,
					"snd_cwnd":	654830,
					"rtt":	27,
					"rttvar":	1,
					"pmtu":	65535,
					"omitted":	false,
					"sender":	true
				}],
			"sum":	{
				"start":	0,
				"end":	0.100023,
				"seconds":	0.10002300143241882,
				"bytes":	703856640,
				"bits_per_second":	56295582409.657257,
				"retransmits":	0,
				"omitted":	false,
				"sender":	true
			}
		}, {
			"streams":	[{
					"socket":	5,
					"start":	0.100023,
					"end":	0.200147,
					"seconds":	0.10012400150299072,
					"bytes":	707788800,
					"bits_per_second":	56552977457.966118,
					"retransmits":	0,
					"snd_cwnd":	654830,
					"rtt":	29,
					"rttvar":	1,
					"pmtu":	65535,
					"omitted":	false,
					"sender":	true
				}],
			"sum":	{
				"start":	0.100023,
				"end":	0.200147,
				"seconds":	0.10012400150299072,
				"bytes":	707788800,
				"bits_per_second":	56552977457.966118,
				"retransmits":	0,
				"omitted":	false,
				"sender":	true
			}
		}, {
			"streams":	[{
					"socket":	5,
					"start":	0.200147,
					"end":	0.300151,
					"seconds":	0.10000400245189667,
					"bytes":	703856640,
					"bits_per_second":	56306277568.325523,
					"retransmits":	0,
					"snd_cwnd":	1047728,
					"rtt":	28,
					"rttvar":	1,
					"pmtu":	65535,
					"omitted":	false,
					"sender":	true
				}],
			"sum":	{
				"start":	0.200147,
				"end":	0.300151,
				"seconds":	0.10000400245189667,
				"bytes":	703856640,
				"bits_per_second":	56306277568.325523,
				"retransmits":	0,
				"omitted":	false,
				"sender":	true
			}
		}, {
			"streams":	[{
					"socket":	5,
					"start":	0.300151,
					"end":	0.400026,
					"seconds":	0.099875003099441528,
					"bytes":	701235200,
					"bits_per_second":	56169025541.000145,
					"retransmits":	0,
					"snd_cwnd":	1047728,
					"rtt":	27,
					"rttvar":	1,
					"pmtu":	65535,
					"omitted":	false,
					"sender":	true
				}],
			"sum":	{
				"start":	0.300151,
				"end":	0.400026,
				"seconds":	0.099875003099441528,
				"bytes":	701235200,
				"bits_per_second":	56169025541.000145,
				"retransmits":	0,
				"omitted":	false,
				"sender":	true
			}
		}, {
			"streams":	[{
					"socket":	5,
					"start":	0.400026,
					"end":	0.500135,
					"seconds":	0.10010900348424911,
					"bytes":	703856640,
					"bits_per_second":	56247219770.656731,
					"retransmits":	0,
					"snd_cwnd":	1047728,
					"rtt":	29,
					"rttvar":	1,
					"pmtu":	65535,
					"omitted":	false,
					"sender":	true
				}],
			"sum":	{
				"start":	0.400026,
				"end":	0.500135,
				"seconds":	0.10010900348424911,
				"bytes":	703856640,
				"bits_per_second":	56247219770.656731,
				"retransmits":	0,
				"omitted":	false,
				"sender":	true
			}
		}, {
			"streams":	[{
					"socket":	5,
					"start":	0.500135,
					"end":	0.600187,
					"seconds":	0.10005199909210205,
					"bytes":	706478080,
					"bits_per_second":	56488872699.0578,
					"retransmits":	0,
					"snd_cwnd":	1047728,
					"rtt":	28,
					"rttvar":	0,
					"pmtu":	65535,
					"omitted":	false,
					"sender":	true
				}],
			"sum":	{
				"start":	0.500135,
				"end":	0.600187,
				"seconds":	0.10005199909210205,
				"bytes":	706478080,
				"bits_per_second":	56488872699.0578,
				"retransmits":	0,
				"omitted":	false,
				"sender":	true
			}
		}, {
			"streams":	[{
					"socket":	5,
					"start":	0.600187,
					"end":	0.700043,
					"seconds":	0.099855996668338776,
					"bytes":	699924480,
					"bits_per_second":	56074707847.51973,
					"retransmits":	0,
					"snd_cwnd":	1047728,
					"rtt":	28,
					"rttvar":	1,
					"pmtu":	65535,
					"omitted":	false,
					"sender":	true
				}],
			"sum":	{
				"start":	0.600187,
				"end":	0.700043,
				"seconds":	0.099855996668338776,
				"bytes":	699924480,
				"bits_per_second":	56074707847.51973,
				"retransmits":	0,
				"omitted":	false,
				"sender":	true
			}
		}, {
			"streams":	[{
					"socket":	5,
					"start":	0.700043,
					"end":	0.800047,
					"seconds":	0.10000400245189667,
					"bytes":	703856640,
					"bits_per_second":	56306277568.325523,
					"retransmits":	0,
					"snd_cwnd":	1047728,
					"rtt":	28,
					"rttvar":	1,
					"pmtu":	65535,
					"omitted":	false,
					"sender":	true
				}],
			"sum":	{
				"start":	0.700043,
				"end":	0.800047,
				"seconds":	0.10000400245189667,
				"bytes":	703856640,
				"bits_per_second":	56306277568.325523,
				"retransmits":	0,
				"omitted":	false,
				"sender":	true
			}
		}, {
			"streams":	[{
					"socket":	5,
					"start":	0.800047,
					"end":	0.900098,
					"seconds":	0.10005100071430206,
					"bytes":	702545920,
					"bits_per_second":	56175023936.533012,
					"retransmits":	0,
					"snd_cwnd":	1047728,
					"rtt":	28,
					"rttvar":	1,
					"pmtu":	65535,
					"omitted":	false,
					"sender":	true
				}],
			"sum":	{
				"start":	0.800047,
				"end":	0.900098,
				"seconds":	0.10005100071430206,
				"bytes":	702545920,
				"bits_per_second":	56175023936.533012,
				"retransmits":	0,
				"omitted":	false,
				"sender":	true
			}
		}, {
			"streams":	[{
					"socket":	5,
					"start":	0.900098,
					"end":	1.000179,
					"seconds":	0.10008099675178528,
					"bytes":	705167360,
					"bits_per_second":	56367732767.4034,
					"retransmits":	0,
					"snd_cwnd":	1047728,
					"rtt":	27,
					"rttvar":	1,
					"pmtu":	65535,
					"omitted":	false,
					"sender":	true
				}],
			"sum":	{
				"start":	0.900098,
				"end":	1.000179,
				"seconds":	0.10008099675178528,
				"bytes":	705167360,
				"bits_per_second":	56367732767.4034,
				"retransmits":	0,
				"omitted":	false,
				"sender":	true
			}
		}],
	"end":	{
		"streams":	[{
				"sender":	{
					"socket":	5,
					"start":	0,
					"end":	1.000179,
					"seconds":	1.000179,
					"bytes":	7038566400,
					"bits_per_second":	56298453776.773964,
					"retransmits":	0,
					"max_snd_cwnd":	1047728,
					"max_rtt":	29,
					"min_rtt":	27,
					"mean_rtt":	27,
					"sender":	true
				},
				"receiver":	{
					"socket":	5,
					"start":	0,
					"end":	1.040645,
					"seconds":	1.000179,
					"bytes":	7038566400,
					"bits_per_second":	54109260314.516472,
					"sender":	true
				}
			}],
		"sum_sent":	{
			"start":	0,
			"end":	1.000179,
			"seconds":	1.000179,
			"bytes":	7038566400,
			"bits_per_second":	56298453776.773964,
			"retransmits":	0,
			"sender":	true
		},
		"sum_received":	{
			"start":	0,
			"end":	1.040645,
			"seconds":	1.040645,
			"bytes":	7038566400,
			"bits_per_second":	54109260314.516472,
			"sender":	true
		},
		"cpu_utilization_percent":	{
			"host_total":	96.2599948413722,
			"host_user":	1.29316999527588,
			"host_system":	94.966732397569345,
			"remote_total":	5.3853396268884444,
			"remote_user":	0.19350104464197168,
			"remote_system":	5.191838582246473
		},
		"sender_tcp_congestion":	"cubic",
		"receiver_tcp_congestion":	"cubic"
	}
}
